Date,Type,Tournament
30 to 6 Jan,ATP 250,Brisbane
30 to 6 Jan,ATP 250,Hong Kong
6 to 12 Jan,ATP 250,Adelaide
6 to 12 Jan,ATP 250,Auckland
12 to 26 Jan,SLAM,Melbourne
27 to 3 Feb,ATP 250,Montpellier
3 to 9 Feb,ATP 500,Dallas
3 to 9 Feb,ATP 500,Rotterdam
10 to 16 Feb,ATP 500,Buenos Aires
10 to 16 Feb,ATP 500,Delray Beach
10 to 16 Feb,ATP 500,Marseille
17 to 23 Feb,ATP 500,Doha
17 to 23 Feb,ATP 500,Rio de Janeiro
24 to 2 Mar,ATP 250,Acapulco
24 to 2 Mar,ATP 250,Santiago
5 to 16 Mar,MASTERS 1000,Indian Wells
19 to 30 Mar,MASTERS 1000,Miami
6 to 14 Apr,ATP 250,Bucharest
6 to 14 Apr,ATP 250,Houston
6 to 14 Apr,ATP 250,Marrakech
6 to 13 Apr,MASTERS 1000,Monte Carlo
14 to 20 Apr,ATP 500,Barcelona
14 to 20 Apr,ATP 500,Munich
23 to 4 May,MASTERS 1000,Madrid
7 to 18 May,MASTERS 1000,Rome
18 to 25 May,ATP 250,Hamburg
18 to 25 May,ATP 250,Geneva
25 to 8 Jun,SLAM,Paris
9 to 15 Jun,ATP 250,'s-Hertogenbosch
9 to 15 Jun,ATP 250,Stuttgart
16 to 22 Jun,ATP 500,Halle
16 to 22 Jun,ATP 500,Queens Club
23 to 29 Jun,ATP 250,Mallorca
23 to 29 Jun,ATP 250,Eastbourne
30 to 13 Jul,SLAM,London
14 to 20 Jul,ATP 250,Bastad
